{
    "loss": [1.228022575378418, 1.0164672136306763, 0.967598021030426, 0.9046657085418701, 0.8526748418807983, 0.7857588529586792, 0.7289001941680908, 0.6902472972869873, 0.6425912976264954, 0.5954633355140686, 0.5846505165100098, 0.5422458052635193, 0.5095446109771729, 0.49320363998413086, 0.45101580023765564, 0.4235798120498657, 0.39492201805114746, 0.37516841292381287, 0.3545224368572235], 
    "val_loss": [1.0311647653579712, 0.9935952425003052, 0.9855961799621582, 0.9546838402748108, 0.9312915205955505, 0.9370497465133667, 0.8985334634780884, 0.8723863959312439, 0.8721701502799988, 0.8969234228134155, 0.9109047651290894, 0.9082000851631165, 0.9104865193367004, 0.9615421891212463, 0.8960368633270264, 0.9210776090621948, 1.0182901620864868, 0.977961540222168, 0.9802294969558716]
}
