{"loss": [13.956063270568848, 0.39192643761634827, 0.36121928691864014, 0.2929143011569977, 0.2657128572463989, 0.22824564576148987, 0.18789322674274445], "val_loss": [0.4331498146057129, 0.4129650890827179, 0.36622828245162964, 0.33697763085365295, 0.3799235224723816, 0.34348398447036743, 0.3580409586429596]}