{"loss": [1.4276894330978394, 0.7998835444450378, 0.7238125801086426, 0.6404765248298645, 0.5836786031723022, 0.49497365951538086, 0.4561566114425659, 0.4049060046672821], "val_loss": [0.8625562191009521, 0.8944933414459229, 0.8081210851669312, 0.8224220275878906, 0.8389444351196289, 1.0050143003463745, 0.9177828431129456, 1.0137481689453125]}