{"loss": [1.2956125736236572, 0.9688977599143982, 0.912261962890625, 0.8344755172729492, 0.7561500072479248, 0.6755109429359436, 0.6258013248443604, 0.5772547125816345, 0.5354375243186951, 0.5278240442276001, 0.4386981129646301, 0.4208149015903473, 0.3923475742340088, 0.34781256318092346, 0.34745946526527405, 0.3142416179180145, 0.29187309741973877, 0.27777794003486633], "val_loss": [1.013293981552124, 1.0035139322280884, 0.9898723363876343, 0.9461889266967773, 1.035641074180603, 0.99809730052948, 0.9650450348854065, 0.9266921877861023, 0.9683133363723755, 0.9358294010162354, 1.003680944442749, 0.9430034756660461, 1.1227960586547852, 1.0116175413131714, 1.1709603071212769, 1.0560561418533325, 1.1118736267089844, 1.176884651184082]}