{"loss": [2.2345080375671387, 0.6437006592750549, 0.5722904205322266, 0.5480608344078064, 0.5548151731491089, 0.519850492477417, 0.5188343524932861, 0.5154910087585449, 0.4879109263420105, 0.48486730456352234, 0.49848976731300354, 0.4759056866168976, 0.4668831527233124, 0.43421444296836853, 0.4341726005077362, 0.4484146535396576, 0.434037983417511, 0.4136444628238678, 0.40643730759620667, 0.44310081005096436, 0.40441200137138367, 0.4047895073890686, 0.39512452483177185, 0.3993023931980133, 0.4159049093723297, 0.39917847514152527, 0.398397833108902, 0.38799360394477844, 0.3839212954044342, 0.37554603815078735, 0.3768047094345093], "val_loss": [0.7317690849304199, 0.5353293418884277, 0.5268054604530334, 0.4746706485748291, 0.5482999682426453, 0.5778806805610657, 0.4472323954105377, 0.452249139547348, 0.4880800247192383, 0.5152453780174255, 0.4512407183647156, 0.4439619183540344, 0.4182269871234894, 0.42655235528945923, 0.5331244468688965, 0.4264925718307495, 0.4392504394054413, 0.4560202658176422, 0.45944860577583313, 0.41132575273513794, 0.37864217162132263, 0.45047974586486816, 0.399850994348526, 0.5139108896255493, 0.41148924827575684, 0.42433688044548035, 0.3848523497581482, 0.39581191539764404, 0.411947637796402, 0.4586624205112457, 0.4137219190597534]}