{"epoch": [1, 2, 3, 4, 5, 6, 7, 8, 9, 10], "accuracy": [0.6121223568916321, 0.7445778250694275, 0.7906661629676819, 0.8226181268692017, 0.8654143810272217, 0.8965917825698853, 0.9207978248596191, 0.9277691841125488, 0.9641750454902649, 0.9711464047431946], "loss": [2.044520139694214, 0.5064610838890076, 0.4353485107421875, 0.40753626823425293, 0.32865408062934875, 0.2503228485584259, 0.20482079684734344, 0.18244026601314545, 0.10845642536878586, 0.08981814980506897], "val_loss": [0.5109919309616089, 0.48698344826698303, 0.4475975036621094, 0.4199504852294922, 0.41688549518585205, 0.45755162835121155, 0.5232266187667847, 0.6041122674942017, 0.7310972809791565, 0.7256290316581726], "precision": [0.7515470709176, 0.7974722350998562, 0.8255700365512865, 0.8824076326048994, 0.9142658238358352, 0.940230631446195, 0.9583563147414029, 0.9608189453348582, 0.973069539383349, 0.9834263438134926], "recall": [0.7391556932610379, 0.7970565453137103, 0.82571649883811, 0.8810999225406662, 0.9138264910921766, 0.9399690162664601, 0.9581719597211464, 0.959721146398141, 0.9719209914794733, 0.9831525948876839], "f1_score": [0.727608345236059, 0.7972296131926787, 0.8247453030663692, 0.8813804930275491, 0.9139414552703927, 0.9398068623492115, 0.9582115764491466, 0.9595405211772509, 0.9719927182360144, 0.9831197580026662], "auc": [0.8295617631748733, 0.8800125950663265, 0.9112994821451265, 0.9518815312276998, 0.9732463287046541, 0.9868020628659687, 0.9918098465741908, 0.9953838455673187, 0.996225451381761, 0.9989673145351282], "learning_rate": [0.0019467449747025967, 0.0019467449747025967, 0.0019467449747025967, 0.0019467449747025967, 0.0019467449747025967, 0.0019467449747025967, 0.0019467449747025967, 0.0019467449747025967, 0.0019467449747025967, 0.0019467449747025967], "epoch_time": [5.064960241317749, 2.5221829414367676, 2.5407800674438477, 2.505235433578491, 2.4878735542297363, 2.476012945175171, 2.486353635787964, 2.4845054149627686, 2.491507053375244, 2.4957542419433594]}