{"epoch": [1, 2, 3, 4, 5, 6, 7, 8, 9, 10, 11, 12, 13, 14, 15, 16, 17, 18, 19, 20, 21], "accuracy": [0.45178157091140747, 0.5292409062385559, 0.5453137159347534, 0.5662277340888977, 0.640007734298706, 0.6688613295555115, 0.7250193357467651, 0.7685902118682861, 0.7916343808174133, 0.8226181268692017, 0.8293958306312561, 0.8508907556533813, 0.8555383682250977, 0.8712238669395447, 0.8898140788078308, 0.9000774621963501, 0.9142137765884399, 0.9120836853981018, 0.9202168583869934, 0.9324167370796204, 0.9395816922187805], "loss": [1.3368914127349854, 0.9812589287757874, 0.8983026742935181, 0.8699408173561096, 0.7574247717857361, 0.7033888697624207, 0.6203383207321167, 0.5644710063934326, 0.5158922076225281, 0.4501483142375946, 0.4210110604763031, 0.37775394320487976, 0.3624247610569, 0.3316284716129303, 0.2936779260635376, 0.2730611562728882, 0.24205051362514496, 0.23905418813228607, 0.22644104063510895, 0.19948114454746246, 0.18396195769309998], "val_loss": [1.0443336963653564, 1.0300661325454712, 0.9743779897689819, 0.937099277973175, 0.9501869678497314, 0.9085851311683655, 0.9549299478530884, 0.9130496978759766, 0.8997613787651062, 0.9136974215507507, 0.8972838521003723, 0.9058879613876343, 0.9691346287727356, 0.9824731349945068, 1.0811755657196045, 1.0457544326782227, 1.0251569747924805, 1.0667458772659302, 1.0918934345245361, 1.12633216381073, 1.0996123552322388], "precision": [0.47356366913277836, 0.580399353279462, 0.6202463241689689, 0.6626594577722648, 0.7401160149486271, 0.7608771669546285, 0.7697200887114316, 0.8297468234909907, 0.8290314403487689, 0.858450435045508, 0.8627011473130112, 0.8783531068731663, 0.8779407918402231, 0.902865157915757, 0.8934038904414926, 0.9127678751286934, 0.9211052499309657, 0.9288494715837192, 0.935859005834559, 0.9426096724773216, 0.944127088187052], "recall": [0.5474438419829589, 0.5418280402788536, 0.6034082106893881, 0.6618900077459334, 0.6905499612703331, 0.7407048799380326, 0.7643299767621998, 0.8162277304415182, 0.820294345468629, 0.849147947327653, 0.8561192873741286, 0.8743222308288149, 0.8776142525174283, 0.9025948876839659, 0.8932997676219985, 0.9124709527498064, 0.9198295894655306, 0.9266072811773819, 0.9353214562354764, 0.942292796281952, 0.9440356312935708], "f1_score": [0.4888400736253539, 0.4892073613360972, 0.5845249727762979, 0.6595965322073357, 0.6653877629548053, 0.7309868510091092, 0.7579820352645682, 0.8096375880632644, 0.8168322080268439, 0.8454253478291063, 0.853675016789899, 0.8738006238183502, 0.8771694244753221, 0.9026826878201288, 0.8928753395272127, 0.9125449529478047, 0.9200074066141954, 0.9264905481451892, 0.9353702506815642, 0.9423040554571501, 0.9440552705206727], "auc": [0.6521987153159303, 0.7169276799319175, 0.7789064540718763, 0.8277267570894684, 0.8737970273744613, 0.9048910490119125, 0.9144490412643763, 0.9478096591075722, 0.953081879283943, 0.968733486122002, 0.9713404990918557, 0.9775319151744117, 0.976079720720905, 0.9828263144973721, 0.9816681662834005, 0.9863017901654161, 0.9891607883002463, 0.9903452744370504, 0.9922106099194993, 0.9933416518641192, 0.9938719820528652], "learning_rate": [0.00010255171218886971, 0.00010255171218886971, 0.00010255171218886971, 0.00010255171218886971, 0.00010255171218886971, 0.00010255171218886971, 0.00010255171218886971, 0.00010255171218886971, 0.00010255171218886971, 0.00010255171218886971, 0.00010255171218886971, 0.00010255171218886971, 0.00010255171218886971, 0.00010255171218886971, 0.00010255171218886971, 0.00010255171218886971, 0.00010255171218886971, 0.00010255171218886971, 0.00010255171218886971, 0.00010255171218886971, 0.00010255171218886971], "epoch_time": [6.024705648422241, 3.909714698791504, 3.849506139755249, 3.8342647552490234, 3.8660359382629395, 3.8723902702331543, 3.8129241466522217, 3.8444838523864746, 3.824653387069702, 3.862344980239868, 3.815763235092163, 3.8577005863189697, 3.8481526374816895, 3.839144706726074, 3.840305805206299, 3.8360328674316406, 3.8317949771881104, 3.8509888648986816, 3.8457071781158447, 3.842463493347168, 3.8434269428253174]}