{"epoch": [1, 2, 3, 4, 5, 6, 7, 8, 9], "accuracy": [0.5730054378509521, 0.6016653776168823, 0.6295507550239563, 0.6787374019622803, 0.7205654382705688, 0.7428349852561951, 0.7713013291358948, 0.8059643507003784, 0.8373354077339172], "loss": [0.9876302480697632, 0.8278571963310242, 0.7734229564666748, 0.686542272567749, 0.6110885143280029, 0.5662415623664856, 0.5125341415405273, 0.4504126012325287, 0.39953210949897766], "val_loss": [0.8686462640762329, 0.834745466709137, 0.7970024347305298, 0.7836987376213074, 0.8323534727096558, 0.8539133071899414, 0.8924855589866638, 0.9085268974304199, 1.0814653635025024], "precision": [0.5974972283618054, 0.6741132452169847, 0.740925906616263, 0.7593495120734949, 0.7865625381996496, 0.82290096291935, 0.83102095625031, 0.8642931174111007, 0.8425291994045429], "recall": [0.6117350890782339, 0.6601471727343144, 0.6700232378001549, 0.7397366382649109, 0.7798218435321457, 0.7960883036405887, 0.7889233152594888, 0.8396591789310612, 0.8394655305964369], "f1_score": [0.601391223142904, 0.6544013247448447, 0.6092427610209202, 0.7217003915730813, 0.7733151019852932, 0.7832821738951325, 0.7722966938357869, 0.8320542110972801, 0.8373353891236244], "auc": [0.682818806436523, 0.7347947476740799, 0.7822643642621573, 0.8367407295934084, 0.8713822425081862, 0.9077486987430802, 0.9145989735807153, 0.9470170499477919, 0.9336074344951752], "learning_rate": [0.00017490918980911374, 0.00017490918980911374, 0.00017490918980911374, 0.00017490918980911374, 0.00017490918980911374, 0.00017490918980911374, 0.00017490918980911374, 0.00017490918980911374, 0.00017490918980911374], "epoch_time": [5.108970880508423, 2.146169900894165, 2.207028865814209, 2.262824773788452, 2.155099630355835, 2.2248759269714355, 2.1440796852111816, 2.131793737411499, 2.1398448944091797]}