{"epoch": [1, 2, 3, 4, 5, 6, 7, 8, 9, 10, 11, 12, 13, 14, 15, 16, 17, 18, 19], "accuracy": [0.3931061327457428, 0.5900464653968811, 0.684934139251709, 0.7327653169631958, 0.7530983686447144, 0.7509682178497314, 0.7734314203262329, 0.7960882782936096, 0.7980247735977173, 0.8077071905136108, 0.8020914196968079, 0.8013167977333069, 0.820681631565094, 0.8210689425468445, 0.8195197582244873, 0.8108055591583252, 0.8171959519386292, 0.8220371603965759, 0.8319132328033447], "loss": [2.318573474884033, 0.7803730964660645, 0.6659280061721802, 0.5925080180168152, 0.5504907965660095, 0.53741854429245, 0.51158607006073, 0.477536141872406, 0.45215287804603577, 0.4524229168891907, 0.4496798813343048, 0.44475099444389343, 0.4104219377040863, 0.40801340341567993, 0.4215870797634125, 0.44059818983078003, 0.42390215396881104, 0.41979825496673584, 0.38685551285743713], "val_loss": [0.8660838603973389, 0.7805445790290833, 0.7137342095375061, 0.5600919723510742, 0.567984402179718, 0.5546944737434387, 0.5322621464729309, 0.49204662442207336, 0.4713992774486542, 0.5523995161056519, 0.48763608932495117, 0.48722851276397705, 0.4780866801738739, 0.5128833055496216, 0.5155696272850037, 0.5098018646240234, 0.6191034913063049, 0.48889192938804626, 0.5242276191711426], "precision": [0.46179352792799805, 0.6879541898395796, 0.7052546241431983, 0.7796694517693858, 0.7660404041233538, 0.77889975118726, 0.7985746865404657, 0.816383748191314, 0.8296436656793422, 0.8087514176965541, 0.821314157544506, 0.8395580950678146, 0.8273321760290546, 0.8396518531312491, 0.8417979308469491, 0.8452100589823233, 0.7768345461620244, 0.8443890005390426, 0.8354104929335082], "recall": [0.5319519752130132, 0.6338109992254066, 0.6860960495739736, 0.7705267234701781, 0.768590240123935, 0.7776917118512781, 0.7867931835786213, 0.8144848954298993, 0.826297443841983, 0.8067389620449265, 0.8160340821068939, 0.8330751355538343, 0.8181642137877614, 0.8303640588690937, 0.8177769171185127, 0.8392718822618126, 0.7823392718822618, 0.8293958171959721, 0.8274593338497289], "f1_score": [0.46235493486555895, 0.6012706821060962, 0.6553167207800682, 0.7590362477737842, 0.761859370635812, 0.765419443378825, 0.791192143544342, 0.8128041652191182, 0.8254590452157399, 0.8052743638416863, 0.8049260146776409, 0.8348015403632725, 0.8123690980295064, 0.8273537773092159, 0.814738320232982, 0.8409358615061292, 0.7680400570697226, 0.8326451145775067, 0.8161353380482156], "auc": [0.9223406260074911, 0.9363069991409221, 0.9475935454195134, 0.959830549335771, 0.9611893842459445, 0.9630368139376384, 0.9627486042468879, 0.9692977842309447, 0.9711935402001328, 0.9663260159315579, 0.9722793271703228, 0.9741108561252696, 0.9738826654559786, 0.9750759715481635, 0.9732503277585958, 0.9765443037219689, 0.9654068765888689, 0.9768110894781444, 0.9767381383394774], "learning_rate": [0.004683812148869038, 0.004683812148869038, 0.004683812148869038, 0.004683812148869038, 0.004683812148869038, 0.004683812148869038, 0.004683812148869038, 0.004683812148869038, 0.004683812148869038, 0.004683812148869038, 0.004683812148869038, 0.004683812148869038, 0.004683812148869038, 0.004683812148869038, 0.004683812148869038, 0.004683812148869038, 0.004683812148869038, 0.004683812148869038, 0.004683812148869038], "epoch_time": [5.159641742706299, 1.578411340713501, 1.570688247680664, 1.578500509262085, 1.5777740478515625, 1.5715088844299316, 1.5541455745697021, 1.5896987915039062, 1.5990567207336426, 1.5744202136993408, 1.570768117904663, 1.5624876022338867, 1.581261157989502, 1.5639150142669678, 1.5520901679992676, 1.5663635730743408, 1.5610628128051758, 1.5605828762054443, 1.5551483631134033]}