{
    "epoch": [1, 2, 3, 4, 5, 6, 7, 8, 9, 10, 11, 12, 13, 14, 15, 16, 17, 18, 19, 20], 
    "accuracy": [0.4260263442993164, 0.4876064956188202, 0.5247870087623596, 0.532920241355896, 0.5735863447189331, 0.6173508763313293, 0.6409760117530823, 0.6649883985519409, 0.7070100903511047, 0.7254066467285156, 0.7530983686447144, 0.7682029604911804, 0.7844694256782532, 0.7929899096488953, 0.8255228400230408, 0.8394655585289001, 0.8392719030380249, 0.8524399399757385, 0.8537955284118652, 0.8721920847892761], 
    "loss": [1.1530821323394775, 1.0106227397918701, 0.9766349196434021, 0.9411528706550598, 0.8806090950965881, 0.8081060647964478, 0.7608563899993896, 0.7146644592285156, 0.6559611558914185, 0.6157661080360413, 0.5835854411125183, 0.5496116280555725, 0.5188769102096558, 0.5089110136032104, 0.45579901337623596, 0.43175235390663147, 0.42866063117980957, 0.4043874442577362, 0.39789679646492004, 0.36772704124450684], 
    "val_loss": [1.089107871055603, 1.0720720291137695, 1.020546793937683, 0.9984450340270996, 0.9251522421836853, 0.9497748017311096, 0.9215806722640991, 0.9290531277656555, 0.9280281662940979, 0.8829176425933838, 0.932964563369751, 0.908927321434021, 0.9622235298156738, 0.9529150724411011, 0.9527241587638855, 0.982704222202301, 0.9676076173782349, 0.979087769985199, 1.0569976568222046, 1.042986273765564], 
    "precision": [0.479918727651361, 0.546986677925297, 0.6534819269882081, 0.5424873493284502, 0.6860517056151753, 0.6510931225845049, 0.7117808667219486, 0.7427866811095087, 0.7507240369297733, 0.770009287212676, 0.7763938118975365, 0.8011759689244575, 0.7938055826217193, 0.8138247777594589, 0.8267526755426247, 0.8589089966641762, 0.862766622430381, 0.8764714352258135, 0.8401580417720769, 0.8930126393606277], 
    "recall": [0.482571649883811, 0.4399690162664601, 0.4872192099147947, 0.5205267234701781, 0.6340046475600309, 0.6452362509682417, 0.6969403563129357, 0.6886134779240899, 0.71998450813323, 0.7649109217660728, 0.7751742835011619, 0.8001549186676995, 0.7918280402788536, 0.8075135553834237, 0.8247482571649883, 0.8570875290472502, 0.8623160340821069, 0.8758714175058094, 0.8309450038729667, 0.8921378776142526], 
    "f1_score": [0.44015504824550206, 0.43823295968093706, 0.39033379547501035, 0.5240877534929068, 0.6205209729669101, 0.6435425636247953, 0.693153681104856, 0.6733574904627504, 0.713535085334321, 0.7634110518716661, 0.7750767432448076, 0.7990272006453307, 0.791900647596966, 0.8080232846016363, 0.8251048276670817, 0.8574180557092205, 0.8624757942543956, 0.8758959707383708, 0.8322620617899554, 0.8923451412444019], 
    "auc": [0.657082900165852, 0.6808591189904375, 0.7092897132691768, 0.7488225704651753, 0.828104035829608, 0.8358766782596297, 0.8780946780483068, 0.8966889315238022, 0.9056348742012406, 0.9285539949620528, 0.9317539770329079, 0.944432764529269, 0.9417002215384305, 0.9516949269774264, 0.956490786799696, 0.9685461028115391, 0.9701165091994856, 0.9742553474419398, 0.9599271156068616, 0.9790566405702413], 
    "learning_rate": [0.00011782570800278336, 0.00011782570800278336, 0.00011782570800278336, 0.00011782570800278336, 0.00011782570800278336, 0.00011782570800278336, 0.00011782570800278336, 0.00011782570800278336, 0.00011782570800278336, 0.00011782570800278336, 0.00011782570800278336, 0.00011782570800278336, 0.00011782570800278336, 0.00011782570800278336, 0.00011782570800278336, 0.00011782570800278336, 0.00011782570800278336, 0.00011782570800278336, 0.00011782570800278336, 0.00011782570800278336], 
    "epoch_time": [4.725712299346924, 1.7955958843231201, 1.790755271911621, 1.8075048923492432, 1.8001766204833984, 1.773073434829712, 1.7797472476959229, 1.8018035888671875, 1.8100967407226562, 1.7886769771575928, 1.75760817527771, 1.778282880783081, 1.7949542999267578, 1.7710587978363037, 1.7596020698547363, 1.8036937713623047, 1.790701150894165, 1.809786081314087, 1.791288137435913, 1.7933807373046875]
}
