{
    "epoch": [1, 2, 3, 4, 5, 6, 7, 8, 9, 10, 11, 12, 13], 
    "accuracy": [0.40685513615608215, 0.7389620542526245, 0.7976374626159668, 0.8731603622436523, 0.8843919634819031, 0.9146010875701904, 0.9453911781311035, 0.9643687009811401, 0.9635941386222839, 0.9752129912376404, 0.9794732928276062, 0.988574743270874, 0.9887683987617493], 
    "loss": [1.5136992931365967, 0.9604452252388, 0.5739397406578064, 0.3649521470069885, 0.31767982244491577, 0.23401176929473877, 0.17671428620815277, 0.12952326238155365, 0.12474773079156876, 0.09643719345331192, 0.08022860437631607, 0.06609760224819183, 0.054783791303634644], 
    "val_loss": [1.1619784832000732, 0.9070680737495422, 0.5437813401222229, 0.64275062084198, 0.4464028477668762, 0.345155268907547, 0.3355591297149658, 0.3276587128639221, 0.36488816142082214, 0.33436036109924316, 0.4027947187423706, 0.3411765694618225, 0.3530661463737488], 
    "precision": [0.7107832069602458, 0.8131719215952302, 0.8510094146312916, 0.8512146155454889, 0.9152179837454666, 0.9478216606901899, 0.9683400403501509, 0.9784209984843181, 0.9793467886135897, 0.9849937009907644, 0.9800485165264119, 0.9913068256696734, 0.9876607315422016], 
    "recall": [0.6326491092176607, 0.7457397366382649, 0.8384972889233152, 0.8170023237800155, 0.8991092176607282, 0.94713400464756, 0.9682416731216111, 0.9783113865220759, 0.9788923315259489, 0.9847017815646786, 0.9792796281951975, 0.9912858249419055, 0.9872192099147947], 
    "f1_score": [0.5784743718079514, 0.7360171491912304, 0.8376473513481814, 0.8200159602704983, 0.8958810593315043, 0.94684094063029, 0.968176718842484, 0.9783193596017062, 0.9788867030729326, 0.9846936685453657, 0.9793436110161478, 0.9912853113867742, 0.9872092889108113], 
    "auc": [0.912004960845643, 0.9580548081326676, 0.9860521629064023, 0.9800715165020208, 0.995822430290201, 0.9978400175457427, 0.9989341791342125, 0.9992671027555031, 0.9994937054253648, 0.9996445369934417, 0.9996979044226986, 0.9997399844756495, 0.9997728749739639], 
    "learning_rate": [0.00019823994080070406, 0.00019823994080070406, 0.00019823994080070406, 0.00019823994080070406, 0.00019823994080070406, 0.00019823994080070406, 0.00019823994080070406, 0.00019823994080070406, 0.00019823994080070406, 0.00019823994080070406, 0.00019823994080070406, 0.00019823994080070406, 0.00019823994080070406], 
    "epoch_time": [5.392427921295166, 1.7858774662017822, 1.8208229541778564, 1.8264403343200684, 1.752612590789795, 1.7887401580810547, 1.7936146259307861, 1.773127555847168, 1.7862882614135742, 1.785170316696167, 1.7399256229400635, 1.8098108768463135, 1.7486398220062256]
}
